{"stats":{"minecraft:custom":{"minecraft:time_since_rest":49650,"minecraft:crouch_one_cm":546,"minecraft:sprint_one_cm":13666,"minecraft:play_time":49650,"minecraft:walk_one_cm":17888,"minecraft:sneak_time":270,"minecraft:walk_under_water_one_cm":872,"minecraft:mob_kills":1,"minecraft:drop":11,"minecraft:jump":95,"minecraft:damage_dealt":330,"minecraft:leave_game":3,"minecraft:time_since_death":49650,"minecraft:walk_on_water_one_cm":2533,"minecraft:total_world_time":49650,"minecraft:fall_one_cm":209,"minecraft:fly_one_cm":95638},"minecraft:killed":{"minecraft:skeleton":1},"minecraft:picked_up":{"minecraft:oak_fence":1,"minecraft:oak_stairs":3,"minecraft:gravel":1,"minecraft:flint":1,"minecraft:oak_log":6,"minecraft:diorite":59,"minecraft:cobblestone_stairs":1,"minecraft:oak_planks":2,"minecraft:dirt":37,"minecraft:cobblestone":28},"minecraft:dropped":{"minecraft:cobblestone":28,"minecraft:gravel":1,"minecraft:oak_stairs":3,"minecraft:stone":1,"minecraft:cobblestone_stairs":1,"minecraft:flint":1},"minecraft:used":{"minecraft:bedrock":1,"minecraft:flint_and_steel":11,"minecraft:tnt":136,"minecraft:stone":3}},"DataVersion":3465}