{"stats":{"minecraft:custom":{"minecraft:time_since_rest":61650,"minecraft:crouch_one_cm":546,"minecraft:sprint_one_cm":13666,"minecraft:play_time":61650,"minecraft:walk_one_cm":17888,"minecraft:sneak_time":383,"minecraft:walk_under_water_one_cm":7020,"minecraft:mob_kills":1,"minecraft:drop":11,"minecraft:aviate_one_cm":13681,"minecraft:jump":96,"minecraft:damage_dealt":330,"minecraft:leave_game":3,"minecraft:time_since_death":61650,"minecraft:walk_on_water_one_cm":2533,"minecraft:total_world_time":61650,"minecraft:fall_one_cm":209,"minecraft:fly_one_cm":99204},"minecraft:killed":{"minecraft:skeleton":1},"minecraft:picked_up":{"minecraft:oak_fence":1,"minecraft:oak_stairs":3,"minecraft:gravel":1,"minecraft:flint":1,"minecraft:oak_log":6,"minecraft:diorite":59,"minecraft:cobblestone_stairs":1,"minecraft:oak_planks":2,"minecraft:dirt":37,"minecraft:cobblestone":28},"minecraft:dropped":{"minecraft:cobblestone":28,"minecraft:gravel":1,"minecraft:oak_stairs":3,"minecraft:stone":1,"minecraft:cobblestone_stairs":1,"minecraft:flint":1},"minecraft:used":{"minecraft:bedrock":1,"minecraft:firework_rocket":2,"minecraft:flint_and_steel":11,"minecraft:tnt":136,"minecraft:elytra":1,"minecraft:stone":3,"minecraft:gravel":29}},"DataVersion":3465}