{"stats":{"minecraft:custom":{"minecraft:jump":67,"minecraft:time_since_rest":37650,"minecraft:damage_dealt":320,"minecraft:crouch_one_cm":468,"minecraft:leave_game":3,"minecraft:play_time":37650,"minecraft:sprint_one_cm":7164,"minecraft:walk_on_water_one_cm":1245,"minecraft:time_since_death":37650,"minecraft:walk_one_cm":12066,"minecraft:sneak_time":187,"minecraft:total_world_time":37650,"minecraft:mob_kills":1,"minecraft:fall_one_cm":209,"minecraft:fly_one_cm":76147},"minecraft:killed":{"minecraft:skeleton":1}},"DataVersion":3465}