{"stats":{"minecraft:custom":{"minecraft:time_since_rest":22768,"minecraft:crouch_one_cm":756,"minecraft:play_time":87976,"minecraft:sprint_one_cm":21472,"minecraft:walk_one_cm":23657,"minecraft:deaths":3,"minecraft:sneak_time":431,"minecraft:walk_under_water_one_cm":8056,"minecraft:mob_kills":1,"minecraft:drop":11,"minecraft:aviate_one_cm":492545,"minecraft:jump":174,"minecraft:damage_dealt":475,"minecraft:leave_game":6,"minecraft:time_since_death":22742,"minecraft:walk_on_water_one_cm":3386,"minecraft:total_world_time":87976,"minecraft:climb_one_cm":47,"minecraft:fly_one_cm":138485,"minecraft:fall_one_cm":209},"minecraft:killed":{"minecraft:skeleton":1},"minecraft:picked_up":{"minecraft:oak_fence":1,"minecraft:oak_stairs":3,"minecraft:gravel":1,"minecraft:flint":1,"minecraft:oak_log":6,"minecraft:diorite":59,"minecraft:cobblestone_stairs":1,"minecraft:oak_planks":2,"minecraft:dirt":37,"minecraft:cobblestone":28},"minecraft:dropped":{"minecraft:gravel":1,"minecraft:cobblestone":28,"minecraft:oak_stairs":3,"minecraft:stone":1,"minecraft:flint":1,"minecraft:cobblestone_stairs":1},"minecraft:used":{"minecraft:bedrock":1,"minecraft:firework_rocket":29,"minecraft:flint_and_steel":11,"minecraft:tnt":136,"minecraft:elytra":1,"minecraft:stone":75,"minecraft:gravel":29}},"DataVersion":3465}