{"stats":{"minecraft:used":{"minecraft:trident":9,"minecraft:netherite_sword":20,"minecraft:flint_and_steel":2,"minecraft:tnt":5,"minecraft:stone":5,"minecraft:granite":8},"minecraft:killed":{"minecraft:sheep":1,"minecraft:zombie":1,"minecraft:creeper":1,"minecraft:salmon":1},"minecraft:picked_up":{"minecraft:rotten_flesh":1,"minecraft:wheat_seeds":4,"minecraft:acacia_log":4,"minecraft:mutton":2,"minecraft:white_wool":1,"minecraft:dirt":40},"minecraft:custom":{"minecraft:time_since_rest":15949,"minecraft:crouch_one_cm":1104,"minecraft:walk_one_cm":18385,"minecraft:play_time":15949,"minecraft:sprint_one_cm":2290,"minecraft:damage_taken":10,"minecraft:sneak_time":399,"minecraft:walk_under_water_one_cm":1030,"minecraft:mob_kills":4,"minecraft:jump":48,"minecraft:damage_dealt":778,"minecraft:leave_game":1,"minecraft:time_since_death":15949,"minecraft:walk_on_water_one_cm":3574,"minecraft:total_world_time":15949,"minecraft:player_kills":2,"minecraft:fall_one_cm":209,"minecraft:fly_one_cm":51540}},"DataVersion":3465}