{"stats":{"minecraft:used":{"minecraft:netherite_sword":2,"minecraft:trident":4},"minecraft:killed":{"minecraft:zombie":1},"minecraft:picked_up":{"minecraft:rotten_flesh":1,"minecraft:dirt":24},"minecraft:custom":{"minecraft:jump":13,"minecraft:time_since_rest":4703,"minecraft:crouch_one_cm":93,"minecraft:damage_dealt":58,"minecraft:sprint_one_cm":62,"minecraft:play_time":4703,"minecraft:damage_taken":10,"minecraft:time_since_death":4703,"minecraft:walk_one_cm":1425,"minecraft:sneak_time":97,"minecraft:total_world_time":4703,"minecraft:mob_kills":1,"minecraft:fall_one_cm":209,"minecraft:fly_one_cm":11487}},"DataVersion":3465}