{"stats":{"minecraft:used":{"minecraft:redstone":6,"minecraft:netherite_sword":11,"minecraft:glass":22,"minecraft:piston":2,"minecraft:lever":1,"minecraft:end_rod":1,"minecraft:granite":14,"minecraft:tnt":8,"minecraft:redstone_torch":5},"minecraft:picked_up":{"minecraft:dirt":30,"minecraft:cobblestone":14},"minecraft:custom":{"minecraft:jump":47,"minecraft:time_since_rest":17974,"minecraft:leave_game":1,"minecraft:damage_dealt":907,"minecraft:crouch_one_cm":1557,"minecraft:sprint_one_cm":1576,"minecraft:play_time":17974,"minecraft:time_since_death":17974,"minecraft:walk_one_cm":15028,"minecraft:sneak_time":455,"minecraft:total_world_time":17974,"minecraft:player_kills":5,"minecraft:fly_one_cm":36247}},"DataVersion":3465}