{
  "minecraft:recipes/decorations/crafting_table": {
    "criteria": {
      "unlock_right_away": "2024-07-26 23:27:57 +0000"
    },
    "done": true
  },
  "minecraft:adventure/adventuring_time": {
    "criteria": {
      "minecraft:lukewarm_ocean": "2024-07-26 23:28:16 +0000",
      "minecraft:stony_shore": "2024-07-26 23:28:13 +0000",
      "minecraft:ocean": "2024-07-26 23:28:18 +0000",
      "minecraft:savanna": "2024-07-26 23:27:58 +0000",
      "minecraft:plains": "2024-07-26 23:28:25 +0000"
    },
    "done": false
  },
  "DataVersion": 3465
}